MESSAGE_ID,MESSAGE_TYPE,BID0.Price,BID0.Size,BID1.Price,BID1.Size,ASK0.Price,ASK0.Size,ASK1.Price,ASK1.Size,Symbol
31645,BID_UPDATE,32.46,500,NULL,NULL,NULL,NULL,NULL,NULL,AMD
31686,ASK_UPDATE,32.46,500,NULL,NULL,32.64,100,NULL,NULL,AMD
32052,ASK_UPDATE,32.46,500,NULL,NULL,32.64,100,NULL,NULL,AMD
32120,BID_UPDATE,32.46,500,NULL,NULL,32.64,100,NULL,NULL,AMD
33363,BID_UPDATE,32.46,700,NULL,NULL,32.64,100,NULL,NULL,AMD
33371,BID_UPDATE,32.46,700,NULL,NULL,32.64,100,NULL,NULL,AMD
33484,BID_UPDATE,32.46,800,NULL,NULL,32.64,100,NULL,NULL,AMD
33485,BID_UPDATE,32.46,1000,NULL,NULL,32.64,100,NULL,NULL,AMD
33486,BID_UPDATE,32.46,1100,NULL,NULL,32.64,100,NULL,NULL,AMD
33487,BID_UPDATE,32.46,1100,NULL,NULL,32.64,100,NULL,NULL,AMD
33958,ASK_UPDATE,32.46,1100,NULL,NULL,32.61,100,32.64,100,AMD
33961,ASK_UPDATE,32.46,1100,NULL,NULL,32.61,100,32.64,100,AMD
34073,BID_UPDATE,32.46,1200,NULL,NULL,32.61,100,32.64,100,AMD
34074,BID_UPDATE,32.46,1200,NULL,NULL,32.61,100,32.64,100,AMD
35869,BID_UPDATE,32.46,1300,NULL,NULL,32.61,100,32.64,100,AMD
35873,BID_UPDATE,32.46,1300,NULL,NULL,32.61,100,32.64,100,AMD
35937,ASK_UPDATE,32.46,1300,NULL,NULL,32.58,100,32.61,100,AMD
35938,ASK_UPDATE,32.46,1300,NULL,NULL,32.58,100,32.61,100,AMD
36118,BID_UPDATE,32.46,1600,NULL,NULL,32.58,100,32.61,100,AMD
36126,BID_UPDATE,32.46,1600,NULL,NULL,32.58,100,32.61,100,AMD
37159,ASK_UPDATE,32.46,1600,NULL,NULL,32.58,200,32.61,100,AMD
37162,ASK_UPDATE,32.46,1600,NULL,NULL,32.58,200,32.61,100,AMD
37165,BID_UPDATE,32.46,1700,NULL,NULL,32.58,200,32.61,100,AMD
37166,BID_UPDATE,32.46,1700,NULL,NULL,32.58,200,32.61,100,AMD
37167,ASK_UPDATE,32.46,1700,NULL,NULL,32.57,100,32.58,200,AMD
37171,ASK_UPDATE,32.46,1700,NULL,NULL,32.57,100,32.58,200,AMD
37188,ASK_UPDATE,32.46,1700,NULL,NULL,32.57,200,32.58,200,AMD
37191,ASK_UPDATE,32.46,1700,NULL,NULL,32.57,200,32.58,200,AMD
37386,BID_UPDATE,32.46,1800,NULL,NULL,32.57,200,32.58,200,AMD
37387,BID_UPDATE,32.46,1800,NULL,NULL,32.57,200,32.58,200,AMD
37726,BID_UPDATE,32.46,1800,NULL,NULL,32.57,100,32.58,200,AMD
37737,BID_UPDATE,32.46,1800,NULL,NULL,32.57,100,32.58,200,AMD
37847,BID_UPDATE,32.46,1800,NULL,NULL,32.61,100,32.64,100,AMD
37849,BID_UPDATE,32.46,1800,NULL,NULL,32.61,100,32.64,100,AMD
37855,ASK_UPDATE,32.46,1800,NULL,NULL,32.61,100,32.64,100,AMD
37856,ASK_UPDATE,32.46,1800,NULL,NULL,32.61,100,32.64,100,AMD
37919,BID_UPDATE,32.46,1800,NULL,NULL,32.79,200,NULL,NULL,AMD
37920,BID_UPDATE,32.46,1800,NULL,NULL,32.79,200,NULL,NULL,AMD
38066,BID_UPDATE,32.46,2000,NULL,NULL,32.79,200,NULL,NULL,AMD
38067,BID_UPDATE,32.46,2000,NULL,NULL,32.79,200,NULL,NULL,AMD
38720,ASK_UPDATE,32.46,2000,NULL,NULL,32.75,100,32.79,200,AMD
38725,ASK_UPDATE,32.46,2000,NULL,NULL,32.75,100,32.79,200,AMD
38788,ASK_UPDATE,32.46,2000,NULL,NULL,32.74,100,32.75,100,AMD
38791,ASK_UPDATE,32.46,2000,NULL,NULL,32.74,100,32.75,100,AMD
38948,ASK_UPDATE,32.46,2000,NULL,NULL,32.68,200,32.74,100,AMD
38949,ASK_UPDATE,32.46,2000,NULL,NULL,32.68,200,32.74,100,AMD
39326,BID_UPDATE,32.46,2100,NULL,NULL,32.68,200,32.74,100,AMD
39327,BID_UPDATE,32.46,2100,NULL,NULL,32.68,200,32.74,100,AMD
39367,ASK_UPDATE,32.46,2100,NULL,NULL,32.58,100,32.68,200,AMD
39368,ASK_UPDATE,32.46,2100,NULL,NULL,32.58,100,32.68,200,AMD
39618,ASK_UPDATE,32.46,2100,NULL,NULL,32.58,100,32.67,100,AMD
39623,ASK_UPDATE,32.46,2100,NULL,NULL,32.58,100,32.67,100,AMD
40860,BID_UPDATE,32.46,2100,NULL,NULL,32.67,100,32.68,200,AMD
40861,BID_UPDATE,32.46,2100,NULL,NULL,32.67,100,32.68,200,AMD
41237,ASK_UPDATE,32.46,2100,NULL,NULL,32.67,100,32.68,200,AMD
41238,ASK_UPDATE,32.46,2100,NULL,NULL,32.67,100,32.68,200,AMD
41377,ASK_UPDATE,32.46,2100,NULL,NULL,32.67,100,32.68,200,AMD
41378,ASK_UPDATE,32.46,2100,NULL,NULL,32.67,100,32.68,200,AMD
41822,ASK_UPDATE,32.46,2100,NULL,NULL,32.67,100,32.68,200,AMD
41829,ASK_UPDATE,32.46,2100,NULL,NULL,32.67,100,32.68,200,AMD
41894,ASK_UPDATE,32.46,2100,NULL,NULL,32.67,100,32.68,200,AMD
41899,ASK_UPDATE,32.46,2100,NULL,NULL,32.67,100,32.68,200,AMD
41917,ASK_UPDATE,32.46,2100,NULL,NULL,32.67,100,32.68,200,AMD
41920,ASK_UPDATE,32.46,2100,NULL,NULL,32.67,100,32.68,200,AMD
43024,BID_UPDATE,32.46,2200,NULL,NULL,32.68,200,32.72,200,AMD
43025,BID_UPDATE,32.46,2200,NULL,NULL,32.68,200,32.72,200,AMD
43312,ASK_UPDATE,32.46,2200,NULL,NULL,32.68,200,32.69,100,AMD
43316,ASK_UPDATE,32.46,2200,NULL,NULL,32.68,200,32.69,100,AMD
44491,BID_UPDATE,32.46,2200,NULL,NULL,32.72,200,32.73,100,AMD
44493,BID_UPDATE,32.46,2200,NULL,NULL,32.72,200,32.73,100,AMD
45784,BID_UPDATE,32.46,2300,NULL,NULL,32.72,200,32.73,100,AMD
45785,BID_UPDATE,32.46,2300,NULL,NULL,32.72,200,32.73,100,AMD
46140,ASK_UPDATE,32.46,2300,NULL,NULL,32.71,100,32.72,200,AMD
46141,ASK_UPDATE,32.46,2300,NULL,NULL,32.71,100,32.72,200,AMD
46738,ASK_UPDATE,32.46,2300,NULL,NULL,32.71,100,32.72,300,AMD
46739,ASK_UPDATE,32.46,2300,NULL,NULL,32.71,100,32.72,300,AMD
47014,BID_UPDATE,32.46,2300,NULL,NULL,32.72,300,32.73,100,AMD
47015,BID_UPDATE,32.46,2300,NULL,NULL,32.72,300,32.73,100,AMD
47345,BID_UPDATE,32.46,2300,NULL,NULL,32.72,200,32.73,100,AMD
47346,BID_UPDATE,32.46,2300,NULL,NULL,32.72,200,32.73,100,AMD
47559,BID_UPDATE,32.46,2300,NULL,NULL,32.72,100,32.73,100,AMD
47560,BID_UPDATE,32.46,2300,NULL,NULL,32.72,100,32.73,100,AMD
47600,ASK_UPDATE,32.46,2300,NULL,NULL,32.72,100,32.73,100,AMD
47603,ASK_UPDATE,32.46,2300,NULL,NULL,32.72,100,32.73,100,AMD
47604,ASK_UPDATE,32.46,2300,NULL,NULL,32.72,100,32.73,100,AMD
47606,ASK_UPDATE,32.46,2300,NULL,NULL,32.72,100,32.73,100,AMD
47613,BID_UPDATE,32.46,2300,NULL,NULL,32.73,100,32.74,100,AMD
47616,BID_UPDATE,32.46,2300,NULL,NULL,32.73,100,32.74,100,AMD
47679,BID_UPDATE,32.46,2300,NULL,NULL,32.74,100,32.75,200,AMD
47681,BID_UPDATE,32.46,2300,NULL,NULL,32.74,100,32.75,200,AMD
47752,BID_UPDATE,32.46,2300,NULL,NULL,32.75,200,32.77,100,AMD
47753,BID_UPDATE,32.46,2300,NULL,NULL,32.75,100,32.77,100,AMD
47754,BID_UPDATE,32.46,2300,NULL,NULL,32.75,100,32.77,100,AMD
47755,BID_UPDATE,32.46,2300,NULL,NULL,32.75,100,32.77,100,AMD
47811,BID_UPDATE,32.46,2300,NULL,NULL,32.77,100,32.79,200,AMD
47815,BID_UPDATE,32.46,2300,NULL,NULL,32.77,100,32.79,200,AMD
47864,BID_UPDATE,32.46,2300,NULL,NULL,32.79,200,32.85,200,AMD
47865,BID_UPDATE,32.46,2300,NULL,NULL,32.79,200,32.85,200,AMD
47951,BID_UPDATE,32.46,2300,NULL,NULL,32.85,200,NULL,NULL,AMD
47952,BID_UPDATE,32.46,2300,NULL,NULL,32.85,200,NULL,NULL,AMD
48246,BID_UPDATE,32.46,2400,NULL,NULL,32.85,200,NULL,NULL,AMD
48249,BID_UPDATE,32.46,2400,NULL,NULL,32.85,200,NULL,NULL,AMD
48364,BID_UPDATE,32.46,2500,NULL,NULL,32.85,200,NULL,NULL,AMD
48365,BID_UPDATE,32.46,2500,NULL,NULL,32.85,200,NULL,NULL,AMD
48724,ASK_UPDATE,32.46,2500,NULL,NULL,32.85,200,32.87,100,AMD
48731,ASK_UPDATE,32.46,2500,NULL,NULL,32.85,200,32.87,100,AMD
48819,ASK_UPDATE,32.46,2500,NULL,NULL,32.85,200,32.87,200,AMD
48820,ASK_UPDATE,32.46,2500,NULL,NULL,32.85,200,32.87,200,AMD
48845,BID_UPDATE,32.46,2600,NULL,NULL,32.85,200,32.87,200,AMD
48846,BID_UPDATE,32.46,2600,NULL,NULL,32.85,200,32.87,200,AMD
48872,BID_UPDATE,32.46,2700,NULL,NULL,32.85,200,32.87,200,AMD
48873,BID_UPDATE,32.46,2700,NULL,NULL,32.85,200,32.87,200,AMD
48962,BID_UPDATE,32.46,2800,NULL,NULL,32.85,200,32.87,200,AMD
48963,BID_UPDATE,32.46,2800,NULL,NULL,32.85,200,32.87,200,AMD
49016,ASK_UPDATE,32.46,2800,NULL,NULL,32.85,200,32.87,200,AMD
49017,ASK_UPDATE,32.46,2800,NULL,NULL,32.85,200,32.87,200,AMD
49092,ASK_UPDATE,32.46,2800,NULL,NULL,32.85,200,32.87,200,AMD
49093,ASK_UPDATE,32.46,2800,NULL,NULL,32.85,200,32.87,200,AMD
49275,BID_UPDATE,32.46,2900,NULL,NULL,32.85,200,32.87,200,AMD
49276,BID_UPDATE,32.46,2900,NULL,NULL,32.85,200,32.87,200,AMD
51453,BID_UPDATE,32.46,3000,NULL,NULL,32.85,200,32.87,200,AMD
51460,BID_UPDATE,32.46,3000,NULL,NULL,32.85,200,32.87,200,AMD
51841,BID_UPDATE,32.46,3100,NULL,NULL,32.85,200,32.87,200,AMD
51861,BID_UPDATE,32.46,3100,NULL,NULL,32.85,200,32.87,200,AMD
52534,BID_UPDATE,32.46,3100,NULL,NULL,32.85,100,32.87,200,AMD
52535,BID_UPDATE,32.46,3100,NULL,NULL,32.85,100,32.87,200,AMD
52974,BID_UPDATE,32.46,3100,28.3,100,32.85,100,32.87,200,AMD
53072,BID_UPDATE,32.46,3100,28.3,100,32.87,200,32.9,200,AMD
53074,BID_UPDATE,32.46,3100,28.3,100,32.87,200,32.9,200,AMD
53966,ASK_UPDATE,32.46,3100,28.3,100,32.87,200,32.9,200,AMD
58339,BID_UPDATE,32.46,3100,28.3,100,32.87,100,32.9,200,AMD
58356,BID_UPDATE,32.46,3100,28.3,100,32.87,100,32.9,200,AMD
58586,BID_UPDATE,32.46,3100,28.3,100,32.9,200,34.95,100,AMD
58600,BID_UPDATE,32.46,3100,28.3,100,32.9,200,34.95,100,AMD
59089,BID_UPDATE,32.46,3100,28.3,100,32.9,100,34.95,100,AMD
59101,BID_UPDATE,32.46,3100,28.3,100,32.9,100,34.95,100,AMD
59102,BID_UPDATE,32.46,3100,28.3,100,34.95,100,NULL,NULL,AMD
59125,BID_UPDATE,32.46,3100,28.3,100,34.95,100,NULL,NULL,AMD
59305,BID_UPDATE,32.46,3200,28.3,100,34.95,100,NULL,NULL,AMD
59449,BID_UPDATE,32.46,3200,28.3,100,34.95,100,NULL,NULL,AMD
59594,BID_UPDATE,32.46,3300,28.3,100,34.95,100,NULL,NULL,AMD
59688,BID_UPDATE,32.46,3400,28.3,100,34.95,100,NULL,NULL,AMD
59705,BID_UPDATE,32.46,3400,28.3,100,34.95,100,NULL,NULL,AMD
59748,BID_UPDATE,32.46,3400,28.3,100,34.95,100,NULL,NULL,AMD
59805,BID_UPDATE,32.46,3500,28.3,100,34.95,100,NULL,NULL,AMD
59813,BID_UPDATE,32.46,3500,28.3,100,34.95,100,NULL,NULL,AMD
59826,BID_UPDATE,32.46,3600,28.3,100,34.95,100,NULL,NULL,AMD
59829,BID_UPDATE,32.46,3600,28.3,100,34.95,100,NULL,NULL,AMD
59943,ASK_UPDATE,32.46,3600,28.3,100,33.07,100,34.95,100,AMD
59944,ASK_UPDATE,32.46,3600,28.3,100,33.07,100,34.95,100,AMD
59945,ASK_UPDATE,32.46,3600,28.3,100,33.07,200,34.95,100,AMD
59947,ASK_UPDATE,32.46,3600,28.3,100,33.07,200,34.95,100,AMD
59980,ASK_UPDATE,32.46,3600,28.3,100,33.07,300,34.95,100,AMD
59981,ASK_UPDATE,32.46,3600,28.3,100,33.07,300,34.95,100,AMD
59997,ASK_UPDATE,32.46,3600,28.3,100,33.07,400,34.95,100,AMD
59998,ASK_UPDATE,32.46,3600,28.3,100,33.07,400,34.95,100,AMD
60036,ASK_UPDATE,32.46,3600,28.3,100,33.05,100,33.07,400,AMD
60075,ASK_UPDATE,32.46,3600,28.3,100,33.05,100,33.07,400,AMD
60076,ASK_UPDATE,32.46,3600,28.3,100,33.05,100,33.07,500,AMD
60082,ASK_UPDATE,32.46,3600,28.3,100,33.05,100,33.07,500,AMD
60423,ASK_UPDATE,32.46,3600,28.3,100,33.04,100,33.05,100,AMD
60425,ASK_UPDATE,32.46,3600,28.3,100,33.04,100,33.05,100,AMD
60843,ASK_UPDATE,32.46,3600,28.3,100,33.02,100,33.04,100,AMD
60846,ASK_UPDATE,32.46,3600,28.3,100,33.02,100,33.04,100,AMD
61170,ASK_UPDATE,32.46,3600,28.3,100,32.99,100,33.02,100,AMD
61171,ASK_UPDATE,32.46,3600,28.3,100,32.99,100,33.02,100,AMD
62677,BID_UPDATE,32.46,3600,28.3,100,33.02,100,33.04,100,AMD
62681,BID_UPDATE,32.46,3600,28.3,100,33.02,100,33.04,100,AMD
62709,ASK_UPDATE,32.46,3600,28.3,100,33.02,100,33.04,100,AMD
62710,ASK_UPDATE,32.46,3600,28.3,100,33.02,100,33.04,100,AMD
63018,ASK_UPDATE,32.46,3600,28.3,100,33.02,100,33.04,200,AMD
63019,ASK_UPDATE,32.46,3600,28.3,100,33.02,100,33.04,200,AMD
63118,ASK_UPDATE,32.46,3600,28.3,100,33.02,100,33.04,300,AMD
63119,ASK_UPDATE,32.46,3600,28.3,100,33.02,100,33.04,300,AMD
63399,BID_UPDATE,32.46,3600,28.3,100,33.04,300,33.05,200,AMD
63400,BID_UPDATE,32.46,3600,28.3,100,33.04,300,33.05,200,AMD
64742,ASK_UPDATE,32.46,3600,28.3,100,33.03,100,33.04,300,AMD
64748,ASK_UPDATE,32.46,3600,28.3,100,33.03,100,33.04,300,AMD
67572,ASK_UPDATE,32.46,3600,28.3,100,33.02,100,33.03,100,AMD
67642,ASK_UPDATE,32.46,3600,28.3,100,33.02,100,33.03,100,AMD
67650,ASK_UPDATE,32.46,3600,28.3,100,33.01,100,33.02,100,AMD
67651,ASK_UPDATE,32.46,3600,28.3,100,33.01,100,33.02,100,AMD
68360,ASK_UPDATE,32.46,3600,28.3,100,33.01,100,33.02,100,AMD
68372,ASK_UPDATE,32.46,3600,28.3,100,33.01,100,33.02,100,AMD
68846,BID_UPDATE,32.46,3600,28.3,100,33.02,100,33.03,200,AMD
68847,BID_UPDATE,32.46,3600,28.3,100,33.02,100,33.03,200,AMD
68887,BID_UPDATE,32.46,3600,28.3,100,33.03,200,33.04,300,AMD
68892,BID_UPDATE,32.46,3600,28.3,100,33.03,200,33.04,300,AMD
72245,ASK_UPDATE,32.46,3600,28.3,100,33.03,200,33.04,300,AMD
72255,ASK_UPDATE,32.46,3600,28.3,100,33.03,200,33.04,300,AMD
75839,ASK_UPDATE,32.46,3600,28.3,100,33.03,200,33.04,400,AMD
75977,ASK_UPDATE,32.46,3600,28.3,100,33.03,200,33.04,400,AMD
76957,BID_UPDATE,33.03,100,32.46,3600,33.03,200,33.04,400,AMD
76970,BID_UPDATE,33.03,100,32.46,3600,33.03,200,33.04,400,AMD
78623,ASK_UPDATE,32.46,3600,28.3,100,33.03,200,33.04,400,AMD
78642,ASK_UPDATE,32.46,3600,28.3,100,33.03,200,33.04,400,AMD
78827,BID_UPDATE,32.46,3700,28.3,100,33.03,200,33.04,400,AMD
78835,BID_UPDATE,32.46,3700,28.3,100,33.03,200,33.04,400,AMD
79163,ASK_UPDATE,32.46,3700,28.3,100,32.93,100,33.03,200,AMD
79177,ASK_UPDATE,32.46,3700,28.3,100,32.93,100,33.03,200,AMD
79931,BID_UPDATE,32.46,3700,28.3,100,32.93,100,33.03,200,AMD
79932,ASK_UPDATE,32.46,3700,28.3,100,32.93,100,33.03,200,AMD
92959,BID_UPDATE,32.46,3900,28.3,100,32.93,100,33.03,200,AMD
93395,BID_UPDATE,32.46,4000,28.3,100,32.93,100,33.03,200,AMD
93398,BID_UPDATE,32.46,4000,28.3,100,32.93,100,33.03,200,AMD
96122,BID_UPDATE,32.46,4200,28.3,100,32.93,100,33.03,200,AMD
96135,BID_UPDATE,32.46,4300,28.3,100,32.93,100,33.03,200,AMD
96184,BID_UPDATE,32.46,4300,28.3,100,32.93,100,33.03,200,AMD
96572,BID_UPDATE,32.46,4300,28.3,100,32.93,100,33.03,200,AMD
96745,BID_UPDATE,32.46,4400,28.3,100,32.93,100,33.03,200,AMD
96754,BID_UPDATE,32.46,4400,28.3,100,32.93,100,33.03,200,AMD
97452,BID_UPDATE,32.46,4500,28.3,100,32.93,100,33.03,200,AMD
97454,BID_UPDATE,32.46,4600,28.3,100,32.93,100,33.03,200,AMD
97621,BID_UPDATE,32.46,4600,28.3,100,32.93,100,33.03,200,AMD
97636,ASK_UPDATE,32.46,4600,28.3,100,32.93,100,32.94,100,AMD
97644,BID_UPDATE,32.46,4600,28.3,100,32.93,100,32.94,100,AMD
97664,ASK_UPDATE,32.46,4600,28.3,100,32.93,100,32.94,100,AMD
97700,ASK_UPDATE,32.46,4600,28.3,100,32.93,100,32.94,200,AMD
97739,ASK_UPDATE,32.46,4600,28.3,100,32.93,100,32.94,200,AMD
101152,BID_UPDATE,32.46,4800,28.3,100,32.93,100,32.94,200,AMD
101257,BID_UPDATE,32.46,4800,28.3,100,32.93,100,32.94,200,AMD
102142,BID_UPDATE,32.46,5000,28.3,100,32.93,100,32.94,200,AMD
102488,BID_UPDATE,32.46,5000,28.3,100,32.93,100,32.94,200,AMD
103244,BID_UPDATE,32.46,5200,28.3,100,32.93,100,32.94,200,AMD
103293,BID_UPDATE,32.46,5200,28.3,100,32.93,100,32.94,200,AMD
103705,ASK_UPDATE,32.46,5200,28.3,100,32.93,100,32.94,200,AMD
103779,ASK_UPDATE,32.46,5200,28.3,100,32.93,100,32.94,200,AMD
103791,ASK_UPDATE,32.46,5200,28.3,100,32.93,100,32.94,200,AMD
103865,ASK_UPDATE,32.46,5200,28.3,100,32.93,100,32.94,200,AMD
104249,ASK_UPDATE,32.46,5200,28.3,100,32.93,100,32.94,200,AMD
104274,ASK_UPDATE,32.46,5200,28.3,100,32.93,100,32.94,200,AMD
106175,BID_UPDATE,32.46,5200,28.3,100,32.94,200,32.98,100,AMD
107196,BID_UPDATE,32.46,5200,28.3,100,32.94,200,32.98,100,AMD
107197,BID_UPDATE,32.46,5200,28.3,100,32.98,100,32.99,100,AMD
107819,BID_UPDATE,32.46,5200,28.3,100,32.99,100,33.03,200,AMD
107820,BID_UPDATE,32.46,5200,28.3,100,32.99,100,33.03,200,AMD
111427,ASK_UPDATE,32.46,5200,28.3,100,32.94,100,32.99,100,AMD
111578,ASK_UPDATE,32.46,5200,28.3,100,32.94,100,32.99,100,AMD
111579,ASK_UPDATE,32.46,5200,28.3,100,32.94,100,32.95,100,AMD
111580,ASK_UPDATE,32.46,5200,28.3,100,32.94,100,32.95,100,AMD
111581,ASK_UPDATE,32.46,5200,28.3,100,32.94,100,32.95,200,AMD
111816,ASK_UPDATE,32.46,5200,28.3,100,32.94,100,32.95,200,AMD
111817,ASK_UPDATE,32.46,5200,28.3,100,32.94,200,32.95,200,AMD
111831,ASK_UPDATE,32.46,5200,28.3,100,32.93,100,32.94,200,AMD
111832,ASK_UPDATE,32.46,5200,28.3,100,32.93,100,32.94,200,AMD
111833,ASK_UPDATE,32.46,5200,28.3,100,32.93,100,32.94,200,AMD
111836,ASK_UPDATE,32.46,5200,28.3,100,32.93,100,32.94,300,AMD
111847,ASK_UPDATE,32.46,5200,28.3,100,32.93,100,32.94,300,AMD
111848,ASK_UPDATE,32.46,5200,28.3,100,32.93,100,32.94,300,AMD
111989,ASK_UPDATE,32.46,5200,28.3,100,32.93,100,32.94,300,AMD
111991,ASK_UPDATE,32.46,5200,28.3,100,32.93,100,32.94,400,AMD
112217,ASK_UPDATE,32.46,5200,28.3,100,32.93,200,32.94,400,AMD
112218,ASK_UPDATE,32.46,5200,28.3,100,32.93,200,32.94,400,AMD
112222,ASK_UPDATE,32.46,5200,28.3,100,32.93,200,32.94,400,AMD
112262,ASK_UPDATE,32.46,5200,28.3,100,32.92,100,32.93,200,AMD
112265,ASK_UPDATE,32.46,5200,28.3,100,32.92,100,32.93,200,AMD
112266,ASK_UPDATE,32.46,5200,28.3,100,32.92,100,32.93,300,AMD
112343,ASK_UPDATE,32.46,5200,28.3,100,32.92,100,32.93,300,AMD
112344,ASK_UPDATE,32.46,5200,28.3,100,32.92,100,32.93,300,AMD
112360,ASK_UPDATE,32.46,5200,28.3,100,32.92,100,32.93,300,AMD
112361,ASK_UPDATE,32.46,5200,28.3,100,32.92,200,32.93,300,AMD
112381,ASK_UPDATE,32.46,5200,28.3,100,32.91,100,32.92,200,AMD
112382,ASK_UPDATE,32.46,5200,28.3,100,32.91,100,32.92,200,AMD
112385,ASK_UPDATE,32.46,5200,28.3,100,32.91,100,32.92,200,AMD
112386,ASK_UPDATE,32.46,5200,28.3,100,32.91,100,32.92,300,AMD
112390,ASK_UPDATE,32.46,5200,28.3,100,32.91,100,32.92,300,AMD
112393,ASK_UPDATE,32.46,5200,28.3,100,32.9,100,32.91,100,AMD
112444,ASK_UPDATE,32.46,5200,28.3,100,32.9,100,32.91,100,AMD
112447,BID_UPDATE,32.46,5300,28.3,100,32.9,100,32.91,100,AMD
112449,BID_UPDATE,32.46,5300,28.3,100,32.9,100,32.91,100,AMD
112492,BID_UPDATE,32.46,5400,28.3,100,32.9,100,32.91,100,AMD
112506,BID_UPDATE,32.46,5400,28.3,100,32.9,100,32.91,100,AMD
112517,BID_UPDATE,32.46,5500,28.3,100,32.9,100,32.91,100,AMD
112518,BID_UPDATE,32.46,5500,28.3,100,32.9,100,32.91,100,AMD
112521,BID_UPDATE,32.46,5600,28.3,100,32.9,100,32.91,100,AMD
112544,BID_UPDATE,32.46,5600,28.3,100,32.9,100,32.91,100,AMD
112651,BID_UPDATE,32.46,5700,28.3,100,32.9,100,32.91,100,AMD
112671,BID_UPDATE,32.46,5700,28.3,100,32.9,100,32.91,100,AMD
112712,BID_UPDATE,32.46,5700,28.3,100,32.91,100,32.92,300,AMD
112713,BID_UPDATE,32.46,5700,28.3,100,32.91,100,32.92,300,AMD
113272,BID_UPDATE,32.46,5700,28.3,100,32.92,300,32.93,300,AMD
113316,BID_UPDATE,32.46,5700,28.3,100,32.92,300,32.93,300,AMD
113322,BID_UPDATE,32.46,5800,28.3,100,32.92,300,32.93,300,AMD
113323,BID_UPDATE,32.46,5800,28.3,100,32.92,300,32.93,300,AMD
113376,BID_UPDATE,32.46,5900,28.3,100,32.92,300,32.93,300,AMD
113690,BID_UPDATE,32.46,5900,28.3,100,32.92,300,32.93,300,AMD
113691,BID_UPDATE,32.46,6000,28.3,100,32.92,300,32.93,300,AMD
114052,BID_UPDATE,32.46,6100,28.3,100,32.92,300,32.93,300,AMD
114053,BID_UPDATE,32.46,6100,28.3,100,32.92,300,32.93,300,AMD
114150,BID_UPDATE,32.46,6100,28.3,100,32.92,300,32.93,300,AMD
114152,BID_UPDATE,32.46,6200,28.3,100,32.92,300,32.93,300,AMD
114153,BID_UPDATE,32.46,6200,28.3,100,32.92,300,32.93,300,AMD
114156,BID_UPDATE,32.46,6300,28.3,100,32.92,300,32.93,300,AMD
115385,BID_UPDATE,32.46,6300,28.3,100,32.92,300,32.93,300,AMD
115387,ASK_UPDATE,32.46,6300,28.3,100,32.92,400,32.93,300,AMD
115388,ASK_UPDATE,32.46,6300,28.3,100,32.92,400,32.93,300,AMD
115394,BID_UPDATE,32.46,6400,28.3,100,32.92,400,32.93,300,AMD
115395,BID_UPDATE,32.46,6400,28.3,100,32.92,400,32.93,300,AMD
115558,BID_UPDATE,32.46,6500,28.3,100,32.92,400,32.93,300,AMD
115559,BID_UPDATE,32.46,6500,28.3,100,32.92,400,32.93,300,AMD
115921,BID_UPDATE,32.46,6600,28.3,100,32.92,400,32.93,300,AMD
115922,BID_UPDATE,32.46,6700,28.3,100,32.92,400,32.93,300,AMD
115923,BID_UPDATE,32.46,6700,28.3,100,32.92,400,32.93,300,AMD
115926,BID_UPDATE,32.46,6700,28.3,100,32.92,400,32.93,300,AMD
115988,BID_UPDATE,32.46,6800,28.3,100,32.92,400,32.93,300,AMD
115996,BID_UPDATE,32.46,6800,28.3,100,32.92,400,32.93,300,AMD
116014,ASK_UPDATE,32.46,6800,28.3,100,32.9,100,32.92,400,AMD
116273,ASK_UPDATE,32.46,6800,28.3,100,32.9,100,32.92,400,AMD
116275,ASK_UPDATE,32.46,6800,28.3,100,32.89,100,32.9,100,AMD
116276,ASK_UPDATE,32.46,6800,28.3,100,32.89,100,32.9,100,AMD
116286,ASK_UPDATE,32.46,6800,28.3,100,32.89,200,32.9,100,AMD
116344,ASK_UPDATE,32.46,6800,28.3,100,32.89,200,32.9,100,AMD
116345,BID_UPDATE,32.46,6900,28.3,100,32.89,200,32.9,100,AMD
116346,BID_UPDATE,32.46,6900,28.3,100,32.89,200,32.9,100,AMD
116686,BID_UPDATE,32.46,7000,28.3,100,32.89,200,32.9,100,AMD
116916,BID_UPDATE,32.46,7000,28.3,100,32.89,200,32.9,100,AMD
116918,BID_UPDATE,32.46,7100,28.3,100,32.89,200,32.9,100,AMD
116920,BID_UPDATE,32.46,7100,28.3,100,32.89,200,32.9,100,AMD
117078,BID_UPDATE,32.46,7200,28.3,100,32.89,200,32.9,100,AMD
117079,BID_UPDATE,32.46,7200,28.3,100,32.89,200,32.9,100,AMD
117081,BID_UPDATE,32.46,7300,28.3,100,32.89,200,32.9,100,AMD
117083,BID_UPDATE,32.46,7300,28.3,100,32.89,200,32.9,100,AMD
117084,BID_UPDATE,32.46,7400,28.3,100,32.89,200,32.9,100,AMD
117164,BID_UPDATE,32.46,7400,28.3,100,32.89,200,32.9,100,AMD
117170,BID_UPDATE,32.46,7500,28.3,100,32.89,200,32.9,100,AMD
117172,BID_UPDATE,32.46,7600,28.3,100,32.89,200,32.9,100,AMD
117173,BID_UPDATE,32.46,7600,28.3,100,32.89,200,32.9,100,AMD
117174,BID_UPDATE,32.46,7600,28.3,100,32.89,200,32.9,100,AMD
117269,BID_UPDATE,32.46,7700,28.3,100,32.89,200,32.9,100,AMD
117271,BID_UPDATE,32.46,7700,28.3,100,32.89,200,32.9,100,AMD
117283,BID_UPDATE,32.46,7800,28.3,100,32.89,200,32.9,100,AMD
117285,BID_UPDATE,32.46,7800,28.3,100,32.89,200,32.9,100,AMD
117288,BID_UPDATE,32.46,7900,28.3,100,32.89,200,32.9,100,AMD
117289,BID_UPDATE,32.46,7900,28.3,100,32.89,200,32.9,100,AMD
117292,BID_UPDATE,32.46,8000,28.3,100,32.89,200,32.9,100,AMD
117294,BID_UPDATE,32.46,8000,28.3,100,32.89,200,32.9,100,AMD
117296,BID_UPDATE,32.46,8100,28.3,100,32.89,200,32.9,100,AMD
117301,BID_UPDATE,32.46,8100,28.3,100,32.89,200,32.9,100,AMD
117302,BID_UPDATE,32.46,8200,28.3,100,32.89,200,32.9,100,AMD
117303,BID_UPDATE,32.46,8200,28.3,100,32.89,200,32.9,100,AMD
117304,BID_UPDATE,32.46,8300,28.3,100,32.89,200,32.9,100,AMD
117313,BID_UPDATE,32.46,8300,28.3,100,32.89,200,32.9,100,AMD
117314,ASK_UPDATE,32.46,8300,28.3,100,32.86,100,32.89,200,AMD
117315,BID_UPDATE,32.46,8400,28.3,100,32.86,100,32.89,200,AMD
117316,ASK_UPDATE,32.46,8400,28.3,100,32.86,100,32.89,200,AMD
117317,ASK_UPDATE,32.46,8400,28.3,100,32.86,100,32.87,100,AMD
117318,BID_UPDATE,32.46,8400,28.3,100,32.86,100,32.87,100,AMD
117319,ASK_UPDATE,32.46,8400,28.3,100,32.86,100,32.87,100,AMD
117326,ASK_UPDATE,32.46,8400,28.3,100,32.86,200,32.87,100,AMD
117327,BID_UPDATE,32.46,8500,28.3,100,32.86,200,32.87,100,AMD
117328,BID_UPDATE,32.46,8500,28.3,100,32.86,200,32.87,100,AMD
117332,BID_UPDATE,32.46,8600,28.3,100,32.86,200,32.87,100,AMD
117333,ASK_UPDATE,32.46,8600,28.3,100,32.86,200,32.87,100,AMD
117334,BID_UPDATE,32.46,8600,28.3,100,32.86,200,32.87,100,AMD
117336,ASK_UPDATE,32.46,8600,28.3,100,32.83,100,32.86,200,AMD
117337,ASK_UPDATE,32.46,8600,28.3,100,32.83,100,32.86,200,AMD
117340,BID_UPDATE,32.46,8700,28.3,100,32.83,100,32.86,200,AMD
117343,BID_UPDATE,32.46,8700,28.3,100,32.83,100,32.86,200,AMD
117344,ASK_UPDATE,32.46,8700,28.3,100,32.83,100,32.84,100,AMD
117348,BID_UPDATE,32.46,8800,28.3,100,32.83,100,32.84,100,AMD
117349,BID_UPDATE,32.46,8800,28.3,100,32.83,100,32.84,100,AMD
117351,BID_UPDATE,32.46,8900,28.3,100,32.83,100,32.84,100,AMD
117352,BID_UPDATE,32.46,8900,28.3,100,32.83,100,32.84,100,AMD
117355,BID_UPDATE,32.46,9000,28.3,100,32.83,100,32.84,100,AMD
117356,BID_UPDATE,32.46,9000,28.3,100,32.83,100,32.84,100,AMD
117360,BID_UPDATE,32.46,9100,28.3,100,32.83,100,32.84,100,AMD
117362,BID_UPDATE,32.46,9100,28.3,100,32.83,100,32.84,100,AMD
117389,ASK_UPDATE,32.46,9100,28.3,100,32.83,100,32.84,100,AMD
117390,ASK_UPDATE,32.46,9100,28.3,100,32.83,200,32.84,100,AMD
117422,ASK_UPDATE,32.46,9100,28.3,100,32.83,200,32.84,100,AMD
117423,BID_UPDATE,32.46,9200,28.3,100,32.83,200,32.84,100,AMD
117424,ASK_UPDATE,32.46,9200,28.3,100,32.83,200,32.84,100,AMD
117425,ASK_UPDATE,32.46,9200,28.3,100,32.83,300,32.84,100,AMD
117426,ASK_UPDATE,32.46,9200,28.3,100,32.83,300,32.84,100,AMD
117427,ASK_UPDATE,32.46,9200,28.3,100,32.83,300,32.84,100,AMD
117429,ASK_UPDATE,32.46,9200,28.3,100,32.83,300,32.84,100,AMD
117479,BID_UPDATE,32.46,9200,28.3,100,32.83,300,32.84,100,AMD
117481,BID_UPDATE,32.46,9300,28.3,100,32.83,300,32.84,100,AMD
117656,ASK_UPDATE,32.46,9300,28.3,100,32.83,300,32.84,100,AMD
117659,ASK_UPDATE,32.46,9300,28.3,100,32.83,300,32.84,100,AMD
117667,ASK_UPDATE,32.46,9300,28.3,100,32.83,300,32.84,100,AMD
117668,BID_UPDATE,32.46,9300,28.3,100,32.83,300,32.84,100,AMD
117671,BID_UPDATE,32.46,9400,28.3,100,32.83,300,32.84,100,AMD
117672,ASK_UPDATE,32.46,9400,28.3,100,32.83,300,32.84,100,AMD
117673,ASK_UPDATE,32.46,9400,28.3,100,32.83,300,32.84,100,AMD
117693,ASK_UPDATE,32.46,9400,28.3,100,32.83,300,32.84,100,AMD
117705,ASK_UPDATE,32.46,9400,28.3,100,32.83,300,32.84,100,AMD
117828,BID_UPDATE,32.46,9400,28.3,100,32.83,300,32.84,100,AMD
117829,BID_UPDATE,32.46,9400,28.3,100,32.83,200,32.84,100,AMD
117830,BID_UPDATE,32.46,9400,28.3,100,32.83,200,32.84,100,AMD
117843,ASK_UPDATE,32.46,9400,28.3,100,32.83,200,32.84,100,AMD
117876,ASK_UPDATE,32.46,9400,28.3,100,32.83,200,32.84,100,AMD
117973,ASK_UPDATE,32.46,9400,28.3,100,32.83,200,32.84,100,AMD
118008,BID_UPDATE,32.46,9400,28.3,100,32.83,100,32.84,100,AMD
118010,ASK_UPDATE,32.46,9400,28.3,100,32.83,100,32.84,100,AMD
118012,BID_UPDATE,32.46,9400,28.3,100,32.83,100,32.84,100,AMD
118193,BID_UPDATE,32.46,9400,28.3,100,32.84,100,32.86,300,AMD
118194,BID_UPDATE,32.46,9400,28.3,100,32.86,300,32.87,300,AMD
118195,BID_UPDATE,32.46,9400,28.3,100,32.86,300,32.87,300,AMD
118197,BID_UPDATE,32.46,9400,28.3,100,32.86,300,32.87,300,AMD
118201,ASK_UPDATE,32.46,9400,28.3,100,32.86,300,32.87,300,AMD
118202,ASK_UPDATE,32.46,9400,28.3,100,32.86,300,32.87,300,AMD
118254,BID_UPDATE,32.46,9400,28.3,100,32.86,200,32.87,300,AMD
118259,BID_UPDATE,32.46,9400,28.3,100,32.86,200,32.87,300,AMD
118270,BID_UPDATE,32.46,9400,28.3,100,32.86,100,32.87,300,AMD
118277,BID_UPDATE,32.46,9400,28.3,100,32.86,100,32.87,300,AMD
118414,BID_UPDATE,32.46,9400,28.3,100,32.87,300,32.88,300,AMD
118417,BID_UPDATE,32.46,9400,28.3,100,32.87,300,32.88,300,AMD
118420,BID_UPDATE,32.46,9500,28.3,100,32.87,300,32.88,300,AMD
118422,BID_UPDATE,32.46,9500,28.3,100,32.87,300,32.88,300,AMD
118463,ASK_UPDATE,32.46,9500,28.3,100,32.87,300,32.88,400,AMD
118464,ASK_UPDATE,32.46,9500,28.3,100,32.87,300,32.88,400,AMD
118472,BID_UPDATE,32.46,9600,28.3,100,32.87,300,32.88,400,AMD
118475,BID_UPDATE,32.46,9600,28.3,100,32.87,300,32.88,400,AMD
118476,BID_UPDATE,32.46,9700,28.3,100,32.87,300,32.88,400,AMD
118477,BID_UPDATE,32.46,9700,28.3,100,32.87,300,32.88,400,AMD
118478,BID_UPDATE,32.46,9800,28.3,100,32.87,300,32.88,400,AMD
118521,ASK_UPDATE,32.46,9800,28.3,100,32.87,300,32.88,400,AMD
118522,BID_UPDATE,32.46,9800,28.3,100,32.87,300,32.88,400,AMD
118525,ASK_UPDATE,32.46,9800,28.3,100,32.87,300,32.88,400,AMD
118527,BID_UPDATE,32.46,9900,28.3,100,32.87,300,32.88,400,AMD
118574,BID_UPDATE,32.46,9900,28.3,100,32.87,300,32.88,400,AMD
118579,BID_UPDATE,32.46,10000,28.3,100,32.87,300,32.88,400,AMD
118580,BID_UPDATE,32.46,10000,28.3,100,32.87,300,32.88,400,AMD
118623,BID_UPDATE,32.46,10100,28.3,100,32.87,300,32.88,400,AMD
118624,ASK_UPDATE,32.46,10100,28.3,100,32.87,300,32.88,500,AMD
118625,BID_UPDATE,32.46,10100,28.3,100,32.87,300,32.88,500,AMD
118626,ASK_UPDATE,32.46,10100,28.3,100,32.87,300,32.88,500,AMD
118627,BID_UPDATE,32.46,10200,28.3,100,32.87,300,32.88,500,AMD
118631,BID_UPDATE,32.46,10200,28.3,100,32.87,300,32.88,500,AMD
118637,ASK_UPDATE,32.46,10200,28.3,100,32.87,400,32.88,500,AMD
118638,ASK_UPDATE,32.46,10200,28.3,100,32.87,400,32.88,500,AMD
118640,BID_UPDATE,32.46,10300,28.3,100,32.87,400,32.88,500,AMD
118675,ASK_UPDATE,32.46,10300,28.3,100,32.87,500,32.88,500,AMD
118731,ASK_UPDATE,32.46,10300,28.3,100,32.87,500,32.88,500,AMD
118966,ASK_UPDATE,32.46,10300,28.3,100,32.86,100,32.87,500,AMD
118976,ASK_UPDATE,32.46,10300,28.3,100,32.86,100,32.87,500,AMD
119036,ASK_UPDATE,32.46,10300,28.3,100,32.86,200,32.87,500,AMD
119037,BID_UPDATE,32.46,10300,28.3,100,32.86,200,32.87,500,AMD
119040,ASK_UPDATE,32.46,10300,28.3,100,32.86,200,32.87,500,AMD
119041,BID_UPDATE,32.46,10400,28.3,100,32.86,200,32.87,500,AMD
119056,BID_UPDATE,32.46,10400,28.3,100,32.86,200,32.87,500,AMD
119057,BID_UPDATE,32.46,10500,28.3,100,32.86,200,32.87,500,AMD
119058,BID_UPDATE,32.46,10500,28.3,100,32.86,200,32.87,500,AMD
119059,BID_UPDATE,32.46,10600,28.3,100,32.86,200,32.87,500,AMD
119108,BID_UPDATE,32.46,10600,28.3,100,32.86,200,32.87,500,AMD
119109,ASK_UPDATE,32.46,10600,28.3,100,32.86,200,32.87,600,AMD
119212,ASK_UPDATE,32.46,10600,28.3,100,32.86,200,32.87,600,AMD
119613,ASK_UPDATE,32.46,10600,28.3,100,32.86,300,32.87,600,AMD
119616,ASK_UPDATE,32.46,10600,28.3,100,32.86,300,32.87,600,AMD
119617,BID_UPDATE,32.46,10700,28.3,100,32.86,300,32.87,600,AMD
119619,BID_UPDATE,32.46,10900,28.3,100,32.86,300,32.87,600,AMD
119620,BID_UPDATE,32.46,11000,28.3,100,32.86,300,32.87,600,AMD
119621,BID_UPDATE,32.46,11000,28.3,100,32.86,300,32.87,600,AMD
119622,BID_UPDATE,32.46,11100,28.3,100,32.86,300,32.87,600,AMD
119623,BID_UPDATE,32.46,11100,28.3,100,32.86,300,32.87,600,AMD
119630,BID_UPDATE,32.46,11200,28.3,100,32.86,300,32.87,600,AMD
119963,BID_UPDATE,32.46,11200,28.3,100,32.86,300,32.87,600,AMD
119964,BID_UPDATE,32.46,11300,28.3,100,32.86,300,32.87,600,AMD
119969,ASK_UPDATE,32.46,11300,28.3,100,32.86,300,32.87,600,AMD
119970,BID_UPDATE,32.46,11300,28.3,100,32.86,300,32.87,600,AMD
119975,ASK_UPDATE,32.46,11300,28.3,100,32.86,300,32.87,600,AMD
119993,ASK_UPDATE,32.46,11300,28.3,100,32.86,300,32.87,600,AMD
120002,ASK_UPDATE,32.46,11300,28.3,100,32.86,300,32.87,600,AMD
120113,BID_UPDATE,32.46,11400,28.3,100,32.86,300,32.87,600,AMD
120395,BID_UPDATE,32.46,11400,28.3,100,32.86,300,32.87,600,AMD
120396,BID_UPDATE,32.46,11400,28.3,100,32.86,200,32.87,600,AMD
120400,BID_UPDATE,32.46,11400,28.3,100,32.86,200,32.87,600,AMD
120410,BID_UPDATE,32.46,11400,28.3,100,32.86,100,32.87,600,AMD
120411,BID_UPDATE,32.46,11400,28.3,100,32.86,100,32.87,600,AMD
120429,BID_UPDATE,32.46,11400,28.3,100,32.87,600,32.88,700,AMD
120433,BID_UPDATE,32.46,11400,28.3,100,32.87,600,32.88,700,AMD
120438,BID_UPDATE,32.46,11400,28.3,100,32.87,500,32.88,700,AMD
120448,BID_UPDATE,32.46,11400,28.3,100,32.87,500,32.88,700,AMD
120492,BID_UPDATE,32.46,11400,28.3,100,32.87,400,32.88,700,AMD
120975,BID_UPDATE,32.46,11400,28.3,100,32.87,400,32.88,700,AMD
121357,BID_UPDATE,32.46,11400,28.3,100,32.87,300,32.88,700,AMD
121370,BID_UPDATE,32.46,11400,28.3,100,32.87,300,32.88,700,AMD
121551,BID_UPDATE,32.46,11400,28.3,100,32.87,200,32.88,700,AMD
121552,BID_UPDATE,32.46,11400,28.3,100,32.87,100,32.88,700,AMD
121553,BID_UPDATE,32.46,11400,28.3,100,32.87,100,32.88,700,AMD
121554,BID_UPDATE,32.46,11400,28.3,100,32.87,100,32.88,700,AMD
121564,BID_UPDATE,32.46,11400,28.3,100,32.88,700,32.89,500,AMD
121565,BID_UPDATE,32.46,11400,28.3,100,32.88,700,32.89,500,AMD
122368,BID_UPDATE,32.46,11500,28.3,100,32.88,700,32.89,500,AMD
122369,BID_UPDATE,32.46,11500,28.3,100,32.88,700,32.89,500,AMD
122370,BID_UPDATE,32.46,11600,28.3,100,32.88,700,32.89,500,AMD
122653,BID_UPDATE,32.46,11600,28.3,100,32.88,600,32.89,500,AMD
122654,BID_UPDATE,32.46,11600,28.3,100,32.88,600,32.89,500,AMD
122655,BID_UPDATE,32.46,11600,28.3,100,32.88,600,32.89,500,AMD
122658,BID_UPDATE,32.46,11700,28.3,100,32.88,600,32.89,500,AMD
122659,BID_UPDATE,32.46,11700,28.3,100,32.88,600,32.89,500,AMD
122662,BID_UPDATE,32.46,11800,28.3,100,32.88,600,32.89,500,AMD
122663,BID_UPDATE,32.46,11800,28.3,100,32.88,600,32.89,500,AMD
122669,BID_UPDATE,32.46,11900,28.3,100,32.88,600,32.89,500,AMD
122784,BID_UPDATE,32.46,11900,28.3,100,32.88,600,32.89,500,AMD
122786,BID_UPDATE,32.46,12000,28.3,100,32.88,600,32.89,500,AMD
123293,BID_UPDATE,32.46,12000,28.3,100,32.88,600,32.89,500,AMD
123296,ASK_UPDATE,32.46,12000,28.3,100,32.88,600,32.89,600,AMD
123297,ASK_UPDATE,32.46,12000,28.3,100,32.88,600,32.89,600,AMD
123298,BID_UPDATE,32.46,12100,28.3,100,32.88,600,32.89,600,AMD
123299,BID_UPDATE,32.46,12100,28.3,100,32.88,600,32.89,600,AMD
123301,BID_UPDATE,32.46,12200,28.3,100,32.88,600,32.89,600,AMD
123309,ASK_UPDATE,32.46,12200,28.3,100,32.88,600,32.89,700,AMD
123310,BID_UPDATE,32.46,12200,28.3,100,32.88,600,32.89,700,AMD
123311,ASK_UPDATE,32.46,12200,28.3,100,32.88,600,32.89,700,AMD
123498,BID_UPDATE,32.46,12300,28.3,100,32.88,600,32.89,700,AMD
123499,BID_UPDATE,32.46,12300,28.3,100,32.88,600,32.89,700,AMD
123638,ASK_UPDATE,32.46,12300,28.3,100,32.88,600,32.89,800,AMD
123639,ASK_UPDATE,32.46,12300,28.3,100,32.88,600,32.89,800,AMD
123642,BID_UPDATE,32.46,12400,28.3,100,32.88,600,32.89,800,AMD
123995,BID_UPDATE,32.46,12500,28.3,100,32.88,600,32.89,800,AMD
123996,BID_UPDATE,32.46,12500,28.3,100,32.88,600,32.89,800,AMD
124223,BID_UPDATE,32.46,12500,28.3,100,32.88,600,32.89,800,AMD
124243,BID_UPDATE,32.46,12600,28.3,100,32.88,600,32.89,800,AMD
124329,BID_UPDATE,32.46,12600,28.3,100,32.88,600,32.89,800,AMD
124331,BID_UPDATE,32.46,12700,28.3,100,32.88,600,32.89,800,AMD
124374,BID_UPDATE,32.46,12700,28.3,100,32.88,600,32.89,800,AMD
124470,BID_UPDATE,32.46,12800,28.3,100,32.88,600,32.89,800,AMD
124471,BID_UPDATE,32.46,13000,28.3,100,32.88,600,32.89,800,AMD
124472,BID_UPDATE,32.46,13100,28.3,100,32.88,600,32.89,800,AMD
124473,BID_UPDATE,32.46,13100,28.3,100,32.88,600,32.89,800,AMD
124474,BID_UPDATE,32.46,13200,28.3,100,32.88,600,32.89,800,AMD
124475,BID_UPDATE,32.46,13200,28.3,100,32.88,600,32.89,800,AMD
124476,ASK_UPDATE,32.46,13200,28.3,100,32.88,700,32.89,800,AMD
124477,ASK_UPDATE,32.46,13200,28.3,100,32.88,700,32.89,800,AMD
124478,ASK_UPDATE,32.46,13200,28.3,100,32.88,700,32.89,900,AMD
124479,BID_UPDATE,32.46,13300,28.3,100,32.88,700,32.89,900,AMD
124480,ASK_UPDATE,32.46,13300,28.3,100,32.88,700,32.89,900,AMD
124481,BID_UPDATE,32.46,13300,28.3,100,32.88,700,32.89,900,AMD
124484,BID_UPDATE,32.46,13400,28.3,100,32.88,700,32.89,900,AMD
124485,BID_UPDATE,32.46,13400,28.3,100,32.88,700,32.89,900,AMD
124486,ASK_UPDATE,32.46,13400,28.3,100,32.88,700,32.89,1000,AMD
124499,BID_UPDATE,32.46,13500,28.3,100,32.88,700,32.89,1000,AMD
124501,BID_UPDATE,32.46,13500,28.3,100,32.88,700,32.89,1000,AMD
124529,ASK_UPDATE,32.46,13500,28.3,100,32.88,700,32.89,1000,AMD
124530,ASK_UPDATE,32.46,13500,28.3,100,32.87,100,32.88,700,AMD
124533,BID_UPDATE,32.46,13600,28.3,100,32.87,100,32.88,700,AMD
124537,ASK_UPDATE,32.46,13600,28.3,100,32.87,100,32.88,700,AMD
124625,ASK_UPDATE,32.46,13600,28.3,100,32.87,100,32.88,800,AMD
124648,BID_UPDATE,32.46,13600,28.3,100,32.87,100,32.88,800,AMD
124649,ASK_UPDATE,32.46,13600,28.3,100,32.87,100,32.88,800,AMD
124651,BID_UPDATE,32.46,13700,28.3,100,32.87,100,32.88,800,AMD
124655,ASK_UPDATE,32.46,13700,28.3,100,32.87,100,32.88,800,AMD
124656,ASK_UPDATE,32.46,13700,28.3,100,32.87,100,32.88,800,AMD
124796,BID_UPDATE,32.46,13700,28.3,100,32.87,100,32.88,800,AMD
124797,BID_UPDATE,32.46,13800,28.3,100,32.87,100,32.88,800,AMD
124826,BID_UPDATE,32.46,13800,28.3,100,32.87,100,32.88,800,AMD
124827,ASK_UPDATE,32.46,13800,28.3,100,32.87,100,32.88,800,AMD
124831,BID_UPDATE,32.46,13900,28.3,100,32.87,100,32.88,800,AMD
124832,ASK_UPDATE,32.46,13900,28.3,100,32.87,100,32.88,800,AMD
124843,ASK_UPDATE,32.46,13900,28.3,100,32.87,100,32.88,800,AMD
124844,ASK_UPDATE,32.46,13900,28.3,100,32.87,100,32.88,800,AMD
124846,BID_UPDATE,32.46,13900,28.3,100,32.87,100,32.88,800,AMD
124852,BID_UPDATE,32.46,14000,28.3,100,32.87,100,32.88,800,AMD
124853,ASK_UPDATE,32.46,14000,28.3,100,32.87,100,32.88,900,AMD
124854,ASK_UPDATE,32.46,14000,28.3,100,32.87,100,32.88,900,AMD
124977,BID_UPDATE,32.46,14000,28.3,100,32.87,100,32.88,900,AMD
124978,BID_UPDATE,32.46,14100,28.3,100,32.87,100,32.88,900,AMD
124979,BID_UPDATE,32.46,14100,28.3,100,32.87,100,32.88,900,AMD
124984,BID_UPDATE,32.46,14200,28.3,100,32.87,100,32.88,900,AMD
125023,BID_UPDATE,32.46,14200,28.3,100,32.87,100,32.88,900,AMD
125024,ASK_UPDATE,32.46,14200,28.3,100,32.87,100,32.88,900,AMD
125025,BID_UPDATE,32.46,14300,28.3,100,32.87,100,32.88,900,AMD
125032,ASK_UPDATE,32.46,14300,28.3,100,32.87,100,32.88,900,AMD
125164,BID_UPDATE,32.46,14300,28.3,100,32.87,100,32.88,900,AMD
125166,BID_UPDATE,32.46,14400,28.3,100,32.87,100,32.88,900,AMD
125167,BID_UPDATE,32.46,14400,28.3,100,32.87,100,32.88,900,AMD
125171,BID_UPDATE,32.46,14500,28.3,100,32.87,100,32.88,900,AMD
125518,BID_UPDATE,32.46,14500,28.3,100,32.87,100,32.88,900,AMD
125528,ASK_UPDATE,32.46,14500,28.3,100,32.87,100,32.88,900,AMD
125545,ASK_UPDATE,32.46,14500,28.3,100,32.87,100,32.88,900,AMD
125632,ASK_UPDATE,32.46,14500,28.3,100,32.87,100,32.88,900,AMD
125633,BID_UPDATE,32.46,14600,28.3,100,32.87,100,32.88,900,AMD
125635,ASK_UPDATE,32.46,14600,28.3,100,32.87,100,32.88,900,AMD
125636,BID_UPDATE,32.46,14600,28.3,100,32.87,100,32.88,900,AMD
125638,BID_UPDATE,32.46,14700,28.3,100,32.87,100,32.88,900,AMD
125737,BID_UPDATE,32.46,14800,28.3,100,32.87,100,32.88,900,AMD
125738,BID_UPDATE,32.46,14800,28.3,100,32.87,100,32.88,900,AMD
125741,BID_UPDATE,32.46,14800,28.3,100,32.87,100,32.88,900,AMD
125754,BID_UPDATE,32.46,14900,28.3,100,32.87,100,32.88,900,AMD
125939,BID_UPDATE,32.46,14900,28.3,100,32.87,100,32.88,900,AMD
125940,BID_UPDATE,32.46,15000,28.3,100,32.87,100,32.88,900,AMD
125941,BID_UPDATE,32.46,15100,28.3,100,32.87,100,32.88,900,AMD
125942,BID_UPDATE,32.46,15100,28.3,100,32.87,100,32.88,900,AMD
125943,BID_UPDATE,32.46,15100,28.3,100,32.87,100,32.88,900,AMD
125944,BID_UPDATE,32.46,15200,28.3,100,32.87,100,32.88,900,AMD
126094,BID_UPDATE,32.46,15200,28.3,100,32.87,100,32.88,900,AMD
126095,BID_UPDATE,32.46,15300,28.3,100,32.87,100,32.88,900,AMD
126122,BID_UPDATE,32.46,15300,28.3,100,32.87,100,32.88,900,AMD
126123,BID_UPDATE,32.46,15300,28.3,100,32.88,900,32.89,1600,AMD
126124,BID_UPDATE,32.46,15300,28.3,100,32.88,900,32.89,1600,AMD
126125,BID_UPDATE,32.46,15400,28.3,100,32.88,900,32.89,1600,AMD
126126,BID_UPDATE,32.46,15400,28.3,100,32.88,900,32.89,1600,AMD
126127,BID_UPDATE,32.46,15500,28.3,100,32.88,900,32.89,1600,AMD
126283,BID_UPDATE,32.46,15500,28.3,100,32.88,900,32.89,1600,AMD
126459,BID_UPDATE,32.46,15600,28.3,100,32.88,900,32.89,1600,AMD
126758,BID_UPDATE,32.46,15700,28.3,100,32.88,900,32.89,1600,AMD
126759,BID_UPDATE,32.46,15700,28.3,100,32.88,900,32.89,1600,AMD
126765,BID_UPDATE,32.46,15700,28.3,100,32.88,900,32.89,1600,AMD
126766,BID_UPDATE,32.46,15800,28.3,100,32.88,900,32.89,1600,AMD
127094,BID_UPDATE,32.46,15800,28.3,100,32.88,900,32.89,1600,AMD
127099,ASK_UPDATE,32.46,15800,28.3,100,32.88,900,32.89,1700,AMD
127100,ASK_UPDATE,32.46,15800,28.3,100,32.88,900,32.89,1700,AMD
127101,ASK_UPDATE,32.46,15800,28.3,100,32.88,900,32.89,1800,AMD
127102,BID_UPDATE,32.46,15900,28.3,100,32.88,900,32.89,1800,AMD
127103,ASK_UPDATE,32.46,15900,28.3,100,32.88,900,32.89,1800,AMD
127104,BID_UPDATE,32.46,15900,28.3,100,32.88,900,32.89,1800,AMD
127105,BID_UPDATE,32.46,16000,28.3,100,32.88,900,32.89,1800,AMD
127106,BID_UPDATE,32.46,16000,28.3,100,32.88,900,32.89,1800,AMD
127107,BID_UPDATE,32.46,16100,28.3,100,32.88,900,32.89,1800,AMD
127111,BID_UPDATE,32.46,16100,28.3,100,32.88,900,32.89,1800,AMD
127112,ASK_UPDATE,32.46,16100,28.3,100,32.88,1000,32.89,1800,AMD
127113,ASK_UPDATE,32.46,16100,28.3,100,32.88,1000,32.89,1800,AMD
127115,BID_UPDATE,32.46,16200,28.3,100,32.88,1000,32.89,1800,AMD
127150,BID_UPDATE,32.46,16200,28.3,100,32.88,1000,32.89,1800,AMD
127165,BID_UPDATE,32.46,16300,28.3,100,32.88,1000,32.89,1800,AMD
127166,BID_UPDATE,32.46,16300,28.3,100,32.88,1000,32.89,1800,AMD
127168,BID_UPDATE,32.46,16400,28.3,100,32.88,1000,32.89,1800,AMD
127169,BID_UPDATE,32.46,16400,28.3,100,32.88,1000,32.89,1800,AMD
127189,BID_UPDATE,32.46,16500,28.3,100,32.88,1000,32.89,1800,AMD
127199,BID_UPDATE,32.46,16600,28.3,100,32.88,1000,32.89,1800,AMD
127200,BID_UPDATE,32.46,16600,28.3,100,32.88,1000,32.89,1800,AMD
127228,BID_UPDATE,32.46,16600,28.3,100,32.88,1000,32.89,1800,AMD
127229,BID_UPDATE,32.46,16700,28.3,100,32.88,1000,32.89,1800,AMD
127347,BID_UPDATE,32.46,16800,28.3,100,32.88,1000,32.89,1800,AMD
127348,BID_UPDATE,32.46,16800,28.3,100,32.88,1000,32.89,1800,AMD
127350,BID_UPDATE,32.46,16800,28.3,100,32.88,1000,32.89,1800,AMD
127351,BID_UPDATE,32.46,16800,28.3,100,32.88,900,32.89,1800,AMD
127353,BID_UPDATE,32.46,16800,28.3,100,32.88,900,32.89,1800,AMD
127359,BID_UPDATE,32.46,16900,28.3,100,32.88,900,32.89,1800,AMD
127360,ASK_UPDATE,32.46,16900,28.3,100,32.88,900,32.89,1800,AMD
127361,BID_UPDATE,32.46,16900,28.3,100,32.88,900,32.89,1800,AMD
127363,BID_UPDATE,32.46,17000,28.3,100,32.88,900,32.89,1800,AMD
127364,ASK_UPDATE,32.46,17000,28.3,100,32.88,900,32.89,1800,AMD
127436,BID_UPDATE,32.46,17000,28.3,100,32.88,900,32.89,1800,AMD
127442,BID_UPDATE,32.46,17100,28.3,100,32.88,900,32.89,1800,AMD
127443,ASK_UPDATE,32.46,17100,28.3,100,32.88,900,32.89,1800,AMD
127444,ASK_UPDATE,32.46,17100,28.3,100,32.88,900,32.89,1800,AMD
127455,BID_UPDATE,32.46,17100,28.3,100,32.88,900,32.89,1800,AMD
127456,ASK_UPDATE,32.46,17100,28.3,100,32.88,900,32.89,1800,AMD
127457,ASK_UPDATE,32.46,17100,28.3,100,32.88,900,32.89,1800,AMD
127458,ASK_UPDATE,32.46,17100,28.3,100,32.88,900,32.89,1800,AMD
127459,BID_UPDATE,32.46,17200,28.3,100,32.88,900,32.89,1800,AMD
127463,BID_UPDATE,32.46,17200,28.3,100,32.88,900,32.89,1800,AMD
127464,ASK_UPDATE,32.46,17200,28.3,100,32.88,900,32.89,1800,AMD
127465,ASK_UPDATE,32.46,17200,28.3,100,32.88,900,32.89,1800,AMD
127467,BID_UPDATE,32.46,17300,28.3,100,32.88,900,32.89,1800,AMD
127500,ASK_UPDATE,32.46,17300,28.3,100,32.88,900,32.89,1800,AMD
127501,ASK_UPDATE,32.46,17300,28.3,100,32.88,900,32.89,1800,AMD
127559,ASK_UPDATE,32.46,17300,28.3,100,32.88,900,32.89,1800,AMD
127560,ASK_UPDATE,32.46,17300,28.3,100,32.88,900,32.89,1800,AMD
127572,BID_UPDATE,32.46,17300,28.3,100,32.88,900,32.89,1800,AMD
127574,ASK_UPDATE,32.46,17300,28.3,100,32.88,900,32.89,1800,AMD
127576,BID_UPDATE,32.46,17300,28.3,100,32.88,800,32.89,1800,AMD
127581,BID_UPDATE,32.46,17300,28.3,100,32.88,800,32.89,1800,AMD
127606,ASK_UPDATE,32.46,17300,28.3,100,32.88,800,32.89,1800,AMD
127611,ASK_UPDATE,32.46,17300,28.3,100,32.88,800,32.89,1800,AMD
127804,BID_UPDATE,32.46,17400,28.3,100,32.88,800,32.89,1800,AMD
127878,BID_UPDATE,32.46,17400,28.3,100,32.88,700,32.89,1800,AMD
127879,BID_UPDATE,32.46,17400,28.3,100,32.88,700,32.89,1800,AMD
127897,BID_UPDATE,32.46,17400,28.3,100,32.88,700,32.89,1800,AMD
127898,BID_UPDATE,32.46,17400,28.3,100,32.88,600,32.89,1800,AMD
127899,BID_UPDATE,32.46,17400,28.3,100,32.88,600,32.89,1800,AMD
127923,BID_UPDATE,32.46,17400,28.3,100,32.88,500,32.89,1800,AMD
128014,BID_UPDATE,32.46,17400,28.3,100,32.88,500,32.89,1800,AMD
128015,BID_UPDATE,32.46,17400,28.3,100,32.88,400,32.89,1800,AMD
128018,ASK_UPDATE,32.46,17400,28.3,100,32.88,400,32.89,1800,AMD
128020,ASK_UPDATE,32.46,17400,28.3,100,32.88,400,32.89,1800,AMD
128070,ASK_UPDATE,32.46,17400,28.3,100,32.88,400,32.89,1800,AMD
128071,ASK_UPDATE,32.46,17400,28.3,100,32.88,400,32.89,1800,AMD
128072,BID_UPDATE,32.46,17400,28.3,100,32.88,400,32.89,1800,AMD
128073,BID_UPDATE,32.46,17400,28.3,100,32.88,300,32.89,1800,AMD
128089,BID_UPDATE,32.46,17400,28.3,100,32.88,300,32.89,1800,AMD
128090,BID_UPDATE,32.46,17400,28.3,100,32.88,200,32.89,1800,AMD
128104,BID_UPDATE,32.46,17400,28.3,100,32.88,200,32.89,1800,AMD
128105,BID_UPDATE,32.46,17400,28.3,100,32.88,100,32.89,1800,AMD
128117,BID_UPDATE,32.46,17400,28.3,100,32.88,100,32.89,1800,AMD
128119,BID_UPDATE,32.46,17400,28.3,100,32.89,1800,32.9,400,AMD
128172,BID_UPDATE,32.46,17400,28.3,100,32.89,1800,32.9,400,AMD
128231,BID_UPDATE,32.46,17500,28.3,100,32.89,1800,32.9,400,AMD
128232,BID_UPDATE,32.46,17500,28.3,100,32.89,1800,32.9,400,AMD
128363,ASK_UPDATE,32.46,17500,28.3,100,32.89,1800,32.9,400,AMD
128626,ASK_UPDATE,32.46,17500,28.3,100,32.89,1800,32.9,400,AMD
128627,BID_UPDATE,32.46,17600,28.3,100,32.89,1800,32.9,400,AMD
128628,ASK_UPDATE,32.46,17600,28.3,100,32.89,1800,32.9,500,AMD
128629,ASK_UPDATE,32.46,17600,28.3,100,32.89,1800,32.9,500,AMD
128630,BID_UPDATE,32.46,17600,28.3,100,32.89,1800,32.9,500,AMD
128631,BID_UPDATE,32.46,17700,28.3,100,32.89,1800,32.9,500,AMD
128632,BID_UPDATE,32.46,17700,28.3,100,32.89,1800,32.9,500,AMD
128633,BID_UPDATE,32.46,17800,28.3,100,32.89,1800,32.9,500,AMD
128635,BID_UPDATE,32.46,17800,28.3,100,32.89,1800,32.9,500,AMD
128636,ASK_UPDATE,32.46,17800,28.3,100,32.89,1800,32.9,500,AMD
128638,ASK_UPDATE,32.46,17800,28.3,100,32.89,1800,32.9,500,AMD
128662,BID_UPDATE,32.46,17900,28.3,100,32.89,1800,32.9,500,AMD
128692,BID_UPDATE,32.46,17900,28.3,100,32.89,1800,32.9,500,AMD
128699,BID_UPDATE,32.46,18000,28.3,100,32.89,1800,32.9,500,AMD
128724,BID_UPDATE,32.46,18000,28.3,100,32.89,1800,32.9,500,AMD
128776,BID_UPDATE,32.46,18100,28.3,100,32.89,1800,32.9,500,AMD
128806,BID_UPDATE,32.46,18100,28.3,100,32.89,1800,32.9,500,AMD
129808,ASK_UPDATE,32.46,18100,28.3,100,32.89,1800,32.9,500,AMD
129809,ASK_UPDATE,32.46,18100,28.3,100,32.89,1800,32.9,500,AMD
129911,BID_UPDATE,32.46,18100,28.3,100,32.89,1700,32.9,500,AMD
129912,BID_UPDATE,32.46,18200,28.3,100,32.89,1700,32.9,500,AMD
129913,BID_UPDATE,32.46,18200,28.3,100,32.89,1700,32.9,500,AMD
129921,BID_UPDATE,32.46,18200,28.3,100,32.89,1700,32.9,500,AMD
130004,BID_UPDATE,32.46,18300,28.3,100,32.89,1700,32.9,500,AMD
130008,BID_UPDATE,32.46,18300,28.3,100,32.89,1700,32.9,500,AMD
130017,BID_UPDATE,32.46,18400,28.3,100,32.89,1700,32.9,500,AMD
130031,BID_UPDATE,32.46,18400,28.3,100,32.89,1700,32.9,500,AMD
130078,BID_UPDATE,32.46,18500,28.3,100,32.89,1700,32.9,500,AMD
130358,BID_UPDATE,32.46,18500,28.3,100,32.89,1700,32.9,500,AMD
130359,BID_UPDATE,32.46,18500,28.3,100,32.89,1600,32.9,500,AMD
130566,BID_UPDATE,32.46,18500,28.3,100,32.89,1600,32.9,500,AMD
130599,BID_UPDATE,32.46,18500,28.3,100,32.89,1500,32.9,500,AMD
130609,BID_UPDATE,32.46,18500,28.3,100,32.89,1500,32.9,500,AMD
130779,BID_UPDATE,32.46,18500,28.3,100,32.89,1400,32.9,500,AMD
130783,BID_UPDATE,32.46,18500,28.3,100,32.89,1400,32.9,500,AMD
130934,BID_UPDATE,32.46,18500,28.3,100,32.89,1300,32.9,500,AMD
130945,BID_UPDATE,32.46,18500,28.3,100,32.89,1300,32.9,500,AMD
130957,BID_UPDATE,32.46,18500,28.3,100,32.89,1200,32.9,500,AMD
130967,BID_UPDATE,32.46,18500,28.3,100,32.89,1200,32.9,500,AMD
131165,BID_UPDATE,32.46,18500,28.3,100,32.89,1100,32.9,500,AMD
131183,BID_UPDATE,32.46,18500,28.3,100,32.89,1100,32.9,500,AMD
131242,BID_UPDATE,32.46,18500,28.3,100,32.89,1000,32.9,500,AMD
131500,BID_UPDATE,32.46,18500,28.3,100,32.89,1000,32.9,500,AMD
131501,ASK_UPDATE,32.46,18500,28.3,100,32.89,1000,32.9,500,AMD
131503,ASK_UPDATE,32.46,18500,28.3,100,32.89,1000,32.9,500,AMD
131506,BID_UPDATE,32.46,18600,28.3,100,32.89,1000,32.9,500,AMD
131513,BID_UPDATE,32.46,18600,28.3,100,32.89,1000,32.9,500,AMD
131533,ASK_UPDATE,32.46,18600,28.3,100,32.89,1000,32.9,600,AMD
131534,BID_UPDATE,32.46,18700,28.3,100,32.89,1000,32.9,600,AMD
131535,ASK_UPDATE,32.46,18700,28.3,100,32.89,1000,32.9,600,AMD
131571,ASK_UPDATE,32.46,18700,28.3,100,32.89,1100,32.9,600,AMD
131587,ASK_UPDATE,32.46,18700,28.3,100,32.89,1100,32.9,600,AMD
131879,BID_UPDATE,32.46,18700,28.3,100,32.89,1100,32.9,600,AMD
131880,BID_UPDATE,32.46,18800,28.3,100,32.89,1100,32.9,600,AMD
131947,ASK_UPDATE,32.46,18800,28.3,100,32.89,1200,32.9,600,AMD
131948,BID_UPDATE,32.46,18800,28.3,100,32.89,1200,32.9,600,AMD
131999,ASK_UPDATE,32.46,18800,28.3,100,32.89,1200,32.9,600,AMD
132007,ASK_UPDATE,32.46,18800,28.3,100,32.89,1300,32.9,600,AMD
132017,ASK_UPDATE,32.46,18800,28.3,100,32.89,1300,32.9,600,AMD
132154,BID_UPDATE,32.46,18900,28.3,100,32.89,1300,32.9,600,AMD
132278,BID_UPDATE,32.46,18900,28.3,100,32.89,1300,32.9,600,AMD
132280,ASK_UPDATE,32.46,18900,28.3,100,32.88,100,32.89,1300,AMD
132282,BID_UPDATE,32.46,19000,28.3,100,32.88,100,32.89,1300,AMD
132283,ASK_UPDATE,32.46,19000,28.3,100,32.88,100,32.89,1300,AMD
132284,BID_UPDATE,32.46,19000,28.3,100,32.88,100,32.89,1300,AMD
132285,BID_UPDATE,32.46,19100,28.3,100,32.88,100,32.89,1300,AMD
132393,BID_UPDATE,32.46,19100,28.3,100,32.88,100,32.89,1300,AMD
132592,BID_UPDATE,32.46,19200,28.3,100,32.88,100,32.89,1300,AMD
132593,BID_UPDATE,32.46,19300,28.3,100,32.88,100,32.89,1300,AMD
132594,BID_UPDATE,32.46,19300,28.3,100,32.88,100,32.89,1300,AMD
132596,BID_UPDATE,32.46,19300,28.3,100,32.88,100,32.89,1300,AMD
132598,ASK_UPDATE,32.46,19300,28.3,100,32.88,100,32.89,1300,AMD
132599,ASK_UPDATE,32.46,19300,28.3,100,32.88,100,32.89,1300,AMD
132600,ASK_UPDATE,32.46,19300,28.3,100,32.88,100,32.89,1300,AMD
132601,ASK_UPDATE,32.46,19300,28.3,100,32.88,100,32.89,1300,AMD
132613,ASK_UPDATE,32.46,19300,28.3,100,32.88,100,32.89,1300,AMD
132739,ASK_UPDATE,32.46,19300,28.3,100,32.88,100,32.89,1300,AMD
132740,ASK_UPDATE,32.46,19300,28.3,100,32.88,100,32.89,1300,AMD
132741,BID_UPDATE,32.46,19400,28.3,100,32.88,100,32.89,1300,AMD
132742,ASK_UPDATE,32.46,19400,28.3,100,32.88,100,32.89,1300,AMD
132743,BID_UPDATE,32.46,19400,28.3,100,32.88,100,32.89,1300,AMD
132745,BID_UPDATE,32.46,19500,28.3,100,32.88,100,32.89,1300,AMD
132746,ASK_UPDATE,32.46,19500,28.3,100,32.88,100,32.89,1300,AMD
132755,ASK_UPDATE,32.46,19500,28.3,100,32.88,100,32.89,1300,AMD
132763,ASK_UPDATE,32.46,19500,28.3,100,32.88,100,32.89,1300,AMD
132776,BID_UPDATE,32.46,19500,28.3,100,32.88,100,32.89,1300,AMD
132778,ASK_UPDATE,32.46,19500,28.3,100,32.88,100,32.89,1300,AMD
132874,ASK_UPDATE,32.46,19500,28.3,100,32.88,100,32.89,1300,AMD
132900,ASK_UPDATE,32.46,19500,28.3,100,32.88,100,32.89,1300,AMD
132913,BID_UPDATE,32.46,19600,28.3,100,32.88,100,32.89,1300,AMD
132914,ASK_UPDATE,32.46,19600,28.3,100,32.88,100,32.89,1300,AMD
132950,ASK_UPDATE,32.46,19600,28.3,100,32.88,100,32.89,1300,AMD
132951,BID_UPDATE,32.46,19600,28.3,100,32.88,100,32.89,1300,AMD
132952,BID_UPDATE,32.46,19600,28.3,100,32.89,1300,32.9,1200,AMD
133010,BID_UPDATE,32.46,19600,28.3,100,32.89,1300,32.9,1200,AMD
133056,BID_UPDATE,32.46,19600,28.3,100,32.89,1200,32.9,1200,AMD
133061,BID_UPDATE,32.46,19600,28.3,100,32.89,1200,32.9,1200,AMD
133154,ASK_UPDATE,32.46,19600,28.3,100,32.89,1200,32.9,1200,AMD
133155,ASK_UPDATE,32.46,19600,28.3,100,32.89,1200,32.9,1200,AMD
133186,BID_UPDATE,32.46,19700,28.3,100,32.89,1200,32.9,1200,AMD
133187,BID_UPDATE,32.46,19700,28.3,100,32.89,1200,32.9,1200,AMD
133188,ASK_UPDATE,32.46,19700,28.3,100,32.89,1200,32.9,1300,AMD
133189,ASK_UPDATE,32.46,19700,28.3,100,32.89,1200,32.9,1300,AMD
133190,BID_UPDATE,32.46,19800,28.3,100,32.89,1200,32.9,1300,AMD
133200,ASK_UPDATE,32.46,19800,28.3,100,32.89,1200,32.9,1400,AMD
133201,BID_UPDATE,32.46,19800,28.3,100,32.89,1200,32.9,1400,AMD
133209,BID_UPDATE,32.46,19900,28.3,100,32.89,1200,32.9,1400,AMD
133213,BID_UPDATE,32.46,19900,28.3,100,32.89,1200,32.9,1400,AMD
133307,ASK_UPDATE,32.46,19900,28.3,100,32.89,1200,32.9,1400,AMD
133366,ASK_UPDATE,32.46,19900,28.3,100,32.89,1300,32.9,1400,AMD
133367,ASK_UPDATE,32.46,19900,28.3,100,32.89,1300,32.9,1400,AMD
133368,BID_UPDATE,32.46,20000,28.3,100,32.89,1300,32.9,1400,AMD
133369,BID_UPDATE,32.46,20100,28.3,100,32.89,1300,32.9,1400,AMD
133370,BID_UPDATE,32.46,20100,28.3,100,32.89,1300,32.9,1400,AMD
133373,BID_UPDATE,32.46,20100,28.3,100,32.89,1300,32.9,1400,AMD
133374,BID_UPDATE,32.46,20200,28.3,100,32.89,1300,32.9,1400,AMD
133526,BID_UPDATE,32.46,20200,28.3,100,32.89,1300,32.9,1400,AMD
133527,BID_UPDATE,32.46,20300,28.3,100,32.89,1300,32.9,1400,AMD
133528,BID_UPDATE,32.46,20300,28.3,100,32.89,1300,32.9,1400,AMD
133538,ASK_UPDATE,32.46,20300,28.3,100,32.89,1300,32.9,1500,AMD
133540,ASK_UPDATE,32.46,20300,28.3,100,32.89,1300,32.9,1500,AMD
133649,BID_UPDATE,32.46,20400,28.3,100,32.89,1300,32.9,1500,AMD
133650,BID_UPDATE,32.46,20400,28.3,100,32.89,1300,32.9,1500,AMD
133651,BID_UPDATE,32.46,20500,28.3,100,32.89,1300,32.9,1500,AMD
133654,BID_UPDATE,32.46,20500,28.3,100,32.89,1300,32.9,1500,AMD
133659,BID_UPDATE,32.46,20600,28.3,100,32.89,1300,32.9,1500,AMD
133660,ASK_UPDATE,32.46,20600,28.3,100,32.89,1300,32.9,1500,AMD
133661,BID_UPDATE,32.46,20600,28.3,100,32.89,1300,32.9,1500,AMD
133662,ASK_UPDATE,32.46,20600,28.3,100,32.89,1300,32.9,1500,AMD
133665,BID_UPDATE,32.46,20700,28.3,100,32.89,1300,32.9,1500,AMD
133666,BID_UPDATE,32.46,20700,28.3,100,32.89,1300,32.9,1500,AMD
133667,BID_UPDATE,32.46,20700,28.3,100,32.89,1200,32.9,1500,AMD
133668,BID_UPDATE,32.46,20700,28.3,100,32.89,1200,32.9,1500,AMD
133669,ASK_UPDATE,32.46,20700,28.3,100,32.89,1200,32.9,1500,AMD
133670,ASK_UPDATE,32.46,20700,28.3,100,32.89,1200,32.9,1500,AMD
133671,ASK_UPDATE,32.46,20700,28.3,100,32.89,1200,32.9,1500,AMD
133672,BID_UPDATE,32.46,20700,28.3,100,32.89,1100,32.9,1500,AMD
133673,ASK_UPDATE,32.46,20700,28.3,100,32.89,1100,32.9,1500,AMD
133677,ASK_UPDATE,32.46,20700,28.3,100,32.89,1100,32.9,1500,AMD
133680,ASK_UPDATE,32.46,20700,28.3,100,32.89,1100,32.9,1500,AMD
133681,BID_UPDATE,32.46,20700,28.3,100,32.89,1100,32.9,1500,AMD
133682,ASK_UPDATE,32.46,20700,28.3,100,32.89,1100,32.9,1500,AMD
133683,ASK_UPDATE,32.46,20700,28.3,100,32.89,1100,32.9,1500,AMD
133685,ASK_UPDATE,32.46,20700,28.3,100,32.89,1100,32.9,1500,AMD
133686,ASK_UPDATE,32.46,20700,28.3,100,32.89,1100,32.9,1500,AMD
133687,BID_UPDATE,32.46,20700,28.3,100,32.89,1000,32.9,1500,AMD
133710,ASK_UPDATE,32.46,20700,28.3,100,32.89,1000,32.9,1500,AMD
133767,BID_UPDATE,32.46,20700,28.3,100,32.89,900,32.9,1500,AMD
133768,BID_UPDATE,32.46,20700,28.3,100,32.89,900,32.9,1500,AMD
133810,BID_UPDATE,32.46,20700,28.3,100,32.89,900,32.9,1500,AMD
134007,BID_UPDATE,32.46,20800,28.3,100,32.89,900,32.9,1500,AMD
134008,BID_UPDATE,32.46,20800,28.3,100,32.89,900,32.9,1500,AMD
134009,BID_UPDATE,32.46,20900,28.3,100,32.89,900,32.9,1500,AMD
134010,BID_UPDATE,32.46,20900,28.3,100,32.89,900,32.9,1500,AMD
134011,ASK_UPDATE,32.46,20900,28.3,100,32.89,900,32.9,1500,AMD
